11093,플라이
188909,강철비2: 정상회담
185917,반도
194799,빅샤크3: 젤리몬스터 대소동
163788,알라딘
187351,온워드: 단 하루의 기적
192066,소년시절의 너
191143,밤쉘: 세상을 바꾼 폭탄선언
123300,존 윅
168051,세인트 주디
194791,1942: 언노운 배틀
194486,파리의 인어
185273,마티아스와 막심
183429,블루 아워
189537,#살아있다
106360,위대한 쇼맨
185269,소년 아메드
174261,카오산 탱고
187294,비바리움
186931,슈퍼 레이스
194294,모든 것을 벗어던진 특별한 여행
194693,지저귀는 새는 날지 않는다
10001,시네마 천국
194368,부활
79770,원 데이
186348,너와 파도를 탈 수 있다면
29059,피아니스트의 전설
194295,에베레스트
189633,야구소녀
185285,카페 벨에포크
194766,팬데믹
194661,테우리
14448,패왕별희 디 오리지널
85825,톰보이
173247,트랜짓
189747,어게인
10086,미션
191642,킹 오브 프리즘 올 스타즈 -프리즘 쇼☆베스트10-
194284,고 피쉬!
185282,타오르는 여인의 초상
185150,이장
168050,스타 이즈 본
189118,소리꾼
37742,트로이
179307,벌새
10480,전망 좋은 방
36651,시티 오브 갓
136872,미녀와 야수
189622,루비
186347,환상의 마로나
101248,베스트 오퍼
194371,래미와 친구들 : 푸른푸른 초원의 위기
186235,팡파레
134963,라라랜드
124238,헤이트풀8
146504,우리들
184759,쓰루 더 파이어
180378,결백
62586,다크 나이트
189624,찬실이는 복도 많지
185292,인비저블 라이프
194765,우리집 똥멍청이
194807,"아무튼, 아담"
27111,로제타
41554,더 차일드
147945,다가오는 것들
35180,아들
194344,소셜노마드
182099,에이브의 쿠킹 다이어리
191714,아디오스
159311,소공녀
152691,레이니 데이 인 뉴욕
178520,"안녕, 미누"
187297,시라이
194285,프리즈너
17970,샤인
190223,울지마 톤즈 2 : 슈크란 바바
153934,이태원
169647,아이 캔 온리 이매진
190616,창은
123298,내일을 위한 시간
174830,가버나움
178569,국도극장
194688,광주비디오: 사라진 4시간
179394,나는보리
185151,욕창
189438,바람의 언덕
188162,백년의 기억
179397,보희와 녹양
176625,밤의 문이 열린다
194004,16세의 사운드트랙
190447,고양이 집사
179414,기억의 전쟁
37544,몽상가들
156912,"안녕, 나의 소울메이트"
193326,인베이젼 2020
174301,카메라를 멈추면 안 돼!
185380,프랑스여자
166416,2017 동명이인 프로젝트
187979,나의 노래는 멀리멀리
195081,래미의 드래곤월드 구출작전
30012,말 없는 사나이
192623,미스비헤이비어
181099,바다로 가자
194007,불량한 가족
172181,비행
188030,산티아고의 흰 지팡이
20324,수색자
10323,쉘부르의 우산
189028,울프 콜
193839,유령선
10621,이창
180851,작은 빛
10592,지붕 위의 바이올린
69952,호우시절
173998,내친구아내
40932,매치 포인트
162816,뮤지컬 쉬 러브즈 미
155123,미스 사이공: 25주년 특별 공연
10489,미져리
56220,스쿠프
150372,언노운 걸
52555,조디악
11757,캐리
11093,플라이
